<?xml version="1.0" encoding="utf-8" standalone="no"?>
<dublin_core schema="dc">
  <dcvalue element="contributor" qualifier="author">Gurholt,&#x20;Kirsti&#x20;Pedersen</dcvalue>
  <dcvalue element="contributor" qualifier="author">Torp,&#x20;Ida&#x20;Helene&#x20;Dahl</dcvalue>
  <dcvalue element="contributor" qualifier="author">Eriksen,&#x20;Jørgen&#x20;Weidemann</dcvalue>
  <dcvalue element="date" qualifier="accessioned">2020-10-22T06:55:40Z</dcvalue>
  <dcvalue element="date" qualifier="available">2020-10-22T06:55:40Z</dcvalue>
  <dcvalue element="date" qualifier="issued">2020</dcvalue>
  <dcvalue element="identifier" qualifier="isbn">978-82-502-0584-0</dcvalue>
  <dcvalue element="identifier" qualifier="uri">https:&#x2F;&#x2F;hdl.handle.net&#x2F;11250&#x2F;2684311</dcvalue>
  <dcvalue element="description" qualifier="abstract" language="en_US">Formålene&#x20;og&#x20;kunnskapsbehovet&#x20;som&#x20;ligger&#x20;til&#x20;grunn&#x20;for&#x20;Studie&#x20;av&#x20;friluftsliv&#x20;blant&#x20;barn&#x20;og&#x20;unge&#x20;i&#x20;Oslo:&#x20;Sosial&#x20;ulikhet&#x20;og&#x20;sosial&#x20;utjevning,&#x20;kan&#x20;sammenfattes&#x20;i&#x20;to&#x20;overordnede&#x20;problemstillinger:&#x20;&#x0D;&#x0A;•&#x20;Hvordan&#x20;kan&#x20;sosial&#x20;ulikhet&#x20;i&#x20;barn&#x20;og&#x20;unges&#x20;deltakelse&#x20;i&#x20;friluftsliv&#x20;forståes&#x20;og&#x20;utjevnes?&#x0D;&#x0A;•&#x20;Hvordan&#x20;kan&#x20;Oslo&#x20;kommunes&#x20;virkemiddelapparat&#x20;gjøres&#x20;mer&#x20;målrettet?&#x0D;&#x0A;&#x0D;&#x0A;Nasjonalt&#x20;er&#x20;det&#x20;tverrpolitisk&#x20;enighet&#x20;om&#x20;å&#x20;prioritere&#x20;«friluftslivsarbeid»&#x20;blant&#x20;barn&#x20;og&#x20;unge&#x20;for&#x20;å&#x20;sikre&#x20;økt&#x20;deltakelse&#x20;i&#x20;friluftsliv&#x20;i&#x20;nærmiljøet&#x20;på&#x20;fritida.&#x20;Oslo&#x20;kommune&#x20;har&#x20;vedtatt&#x20;at&#x20;«Oslo&#x20;skal&#x20;være&#x20;godt&#x20;tilrettelagt&#x20;for&#x20;friluftsliv,&#x20;særlig&#x20;blant&#x20;barn&#x20;og&#x20;unge».&#x20;Både&#x20;stat&#x20;og&#x20;kommune&#x20;har&#x20;store&#x20;forventninger&#x20;til&#x20;frivillige&#x20;organisasjoners&#x20;innsats&#x20;for&#x20;å&#x20;skape&#x20;økt&#x20;aktivitet&#x20;gjennom&#x20;organiserte&#x20;friluftslivsaktiviteter.&#x20;Organisasjonene&#x20;representerer&#x20;faglige&#x20;og&#x20;menneskelige&#x20;ressurser&#x20;som&#x20;er&#x20;nødvendige&#x20;for&#x20;å&#x20;rekruttere,&#x20;organisere&#x20;og&#x20;inkludere&#x20;underrepresenterte&#x20;og&#x20;sårbare&#x20;og&#x20;utsatte&#x20;grupper&#x20;av&#x20;barn&#x20;og&#x20;unge.&#x20;Frivillige&#x20;organisasjoner&#x20;og&#x20;organiserte&#x20;friluftslivsaktiviteter&#x20;oppfattes&#x20;som&#x20;nødvendige&#x20;virkemidler&#x20;og&#x20;tiltak&#x20;for&#x20;å&#x20;øke&#x20;deltakelsen&#x20;i&#x20;friluftsliv&#x20;og&#x20;redusere&#x20;sosiale&#x20;helseforskjeller.&#x0D;&#x0A;&#x0D;&#x0A;Oslo&#x20;er&#x20;en&#x20;by&#x20;med&#x20;sosial&#x20;ulikhet.&#x20;Bydelene&#x20;kan&#x20;være&#x20;indikatorer&#x20;på&#x20;sosioøkonomiske&#x20;forskjeller.&#x20;Mangel&#x20;på&#x20;sosialisering&#x20;til&#x20;friluftsliv,&#x20;dårlig&#x20;kjennskap&#x20;til&#x20;lokale&#x20;naturområder&#x20;og&#x20;aktivitetsmuligheter&#x20;samt&#x20;begrenset&#x20;økonomi,&#x20;representerer&#x20;barrierer&#x20;som&#x20;kan&#x20;hindre&#x20;barn&#x20;og&#x20;unge&#x20;i&#x20;ta&#x20;nærnaturen&#x20;i&#x20;bruk&#x20;til&#x20;lek&#x20;og&#x20;andre&#x20;aktiviteter.&#x20;Tilførsel&#x20;av&#x20;ressurser&#x20;i&#x20;nabolaget,&#x20;som&#x20;økt&#x20;tilgjengelighet&#x20;til&#x20;organiserte&#x20;friluftslivsaktiviteter,&#x20;kan&#x20;redusere&#x20;barrierene&#x20;og&#x20;sikre&#x20;sosial&#x20;utjevning&#x20;ved&#x20;at&#x20;flere&#x20;får&#x20;muligheter&#x20;til&#x20;å&#x20;delta&#x20;i&#x20;og&#x20;tilegne&#x20;seg&#x20;grunnleggende&#x20;ferdigheter&#x20;i&#x20;friluftsliv,&#x20;uavhengig&#x20;av&#x20;familiens&#x20;sosioøkonomi,&#x20;kulturelle&#x20;bakgrunn&#x20;og&#x20;hvor&#x20;i&#x20;byen&#x20;de&#x20;bor.&#x0D;&#x0A;&#x0D;&#x0A;Gjennom&#x20;en&#x20;kvantitativ&#x20;analyse&#x20;av&#x20;ungdoms&#x20;deltakelse&#x20;i&#x20;friluftsliv,&#x20;dokumenterer&#x20;denne&#x20;studien&#x20;at&#x20;det&#x20;er&#x20;tydelige&#x20;forskjeller&#x20;i&#x20;ungdoms&#x20;deltakelse&#x20;i&#x20;friluftsliv.&#x20;Dette&#x20;har&#x20;sammenheng&#x20;blant&#x20;annet&#x20;med&#x20;hvor&#x20;i&#x20;byen&#x20;de&#x20;unge&#x20;bor,&#x20;og&#x20;hva&#x20;slags&#x20;sosioøkonomisk&#x20;familiebakgrunn&#x20;de&#x20;har.&#x20;«Datamaterialet&#x20;er&#x20;basert&#x20;på&#x20;en&#x20;ungdataundersøkelse&#x20;–&#x20;Ung&#x20;i&#x20;Oslo&#x20;2018&#x20;–&#x20;gjennomført&#x20;av&#x20;NOVA&#x20;i&#x20;samarbeid&#x20;med&#x20;de&#x20;regionale&#x20;kompetansesentrene&#x20;for&#x20;rusfeltet&#x20;(KoRus).&#x20;Ungdata&#x20;er&#x20;finansiert&#x20;over&#x20;statsbudsjettet&#x20;gjennom&#x20;tilskudd&#x20;fra&#x20;helsedirektoratet».&#x0D;&#x0A;&#x0D;&#x0A;Gjennom&#x20;en&#x20;kvalitativ&#x20;tilnærming&#x20;undersøkes&#x20;hvorvidt&#x20;organiserte&#x20;aktivitetstilbud&#x20;og&#x20;særskilte&#x20;aktivitetstiltak&#x20;kan&#x20;være&#x20;en&#x20;målrettet&#x20;strategi&#x20;for&#x20;å&#x20;mobilisere&#x20;grupper&#x20;av&#x20;sårbare&#x20;og&#x20;utsatte&#x20;barn&#x20;og&#x20;unge,&#x20;til&#x20;å&#x20;bli&#x20;aktive&#x20;i&#x20;friluftsliv.&#x20;Data&#x20;er&#x20;generert&#x20;gjennom&#x20;intervjuer&#x20;med&#x20;(aktivitets)ledere&#x20;og&#x20;en&#x20;nettbasert&#x20;undersøkelse&#x20;av&#x20;organiserte&#x20;friluftslivsaktiviteter&#x20;som&#x20;gjennomføres&#x20;1)&#x20;av&#x20;frivillige&#x20;organisasjoner&#x20;og&#x20;2)&#x20;som&#x20;ledd&#x20;i&#x20;kommunens&#x20;tjenestetilbud&#x20;til&#x20;barn&#x20;og&#x20;unge&#x20;gjennom&#x20;bydelene.&#x20;En&#x20;tredje&#x20;tilnærming&#x20;omhandler&#x20;kartlegging&#x20;og&#x20;analyse&#x20;av&#x20;dokumenter&#x20;som&#x20;trekker&#x20;opp&#x20;mål&#x20;og&#x20;strategier&#x20;for&#x20;nasjonal&#x20;og&#x20;kommunal&#x20;friluftslivspolitikk.</dcvalue>
  <dcvalue element="description" qualifier="provenance" language="en">Made&#x20;available&#x20;in&#x20;DSpace&#x20;on&#x20;2020-10-22T06:55:40Z&#x20;(GMT).&#x20;No.&#x20;of&#x20;bitstreams:&#x20;1&#x0D;&#x0A;Kortversjon&#x20;-&#x20;Studie&#x20;av&#x20;friluftsliv&#x20;blant&#x20;barn&#x20;og&#x20;unge&#x20;i&#x20;Oslo.pdf:&#x20;3217915&#x20;bytes,&#x20;checksum:&#x20;ed157e8f52992d2df9684708bed83dec&#x20;(MD5)&#x0D;&#x0A;&#x20;&#x20;Previous&#x20;issue&#x20;date:&#x20;2020</dcvalue>
  <dcvalue element="language" qualifier="iso" language="en_US">nob</dcvalue>
  <dcvalue element="publisher" qualifier="none" language="en_US">Norges&#x20;idrettshøgskole</dcvalue>
  <dcvalue element="title" qualifier="none" language="en_US">KORTVERSJON&#x20;Studie&#x20;av&#x20;friluftsliv&#x20;blant&#x20;barn&#x20;og&#x20;unge&#x20;i&#x20;Oslo:&#x20;Sosial&#x20;ulikhet&#x20;og&#x20;sosial&#x20;utjevning</dcvalue>
  <dcvalue element="type" qualifier="none" language="en_US">Research&#x20;report</dcvalue>
  <dcvalue element="description" qualifier="version" language="en_US">publishedVersion</dcvalue>
  <dcvalue element="description" qualifier="localcode" language="en_US">Institutt&#x20;for&#x20;lærerutdanning&#x20;og&#x20;friluftslivsstudier&#x20;&#x2F;&#x20;Department&#x20;of&#x20;Teacher&#x20;Education&#x20;and&#x20;Outdoor&#x20;Studies</dcvalue>
</dublin_core>
