<?xml version="1.0" encoding="utf-8" standalone="no"?>
<dublin_core schema="dc">
  <dcvalue element="contributor" qualifier="author" language="">Strittmatter,&#x20;Anna-Maria</dcvalue>
  <dcvalue element="date" qualifier="accessioned" language="">2020-06-15T06:23:41Z</dcvalue>
  <dcvalue element="date" qualifier="available" language="">2020-06-15T06:23:41Z</dcvalue>
  <dcvalue element="date" qualifier="issued" language="">2020</dcvalue>
  <dcvalue element="identifier" qualifier="uri" language="">https:&#x2F;&#x2F;hdl.handle.net&#x2F;11250&#x2F;2657949</dcvalue>
  <dcvalue element="description" qualifier="abstract" language="en_US">Denne&#x20;rapporten&#x20;er&#x20;et&#x20;resultat&#x20;av&#x20;et&#x20;oppdrag&#x20;fra&#x20;idrettsstyret&#x20;basert&#x20;på&#x20;et&#x20;vedtak&#x20;fra&#x20;idrettstinget&#x20;i&#x20;mai&#x20;2019&#x20;om&#x20;å&#x20;utrede&#x20;barrierene&#x20;og&#x20;behov&#x20;for&#x20;å&#x20;øke&#x20;ung&#x20;medbestemmelse&#x20;i&#x20;Norges&#x20;idrettsforbund&#x20;(NIF),&#x20;særforbund&#x20;(SF)&#x20;og&#x20;idrettskretser&#x20;(IK).&#x20;Arbeidet&#x20;er&#x20;basert&#x20;på&#x20;spørreundersøkelse,&#x20;dybdeintervjuer&#x20;og&#x20;samtaler&#x20;med&#x20;representanter&#x20;fra&#x20;organisasjoner&#x20;både&#x20;internt&#x20;i&#x20;idretten,&#x20;men&#x20;også&#x20;eksternt.&#x20;I&#x20;rapporten&#x20;diskuteres&#x20;blant&#x20;annet&#x20;at&#x20;unge&#x20;ikke&#x20;burde&#x20;være&#x20;representanter&#x20;for&#x20;andre&#x20;unge,&#x20;men&#x20;likestilte&#x20;med&#x20;de&#x20;andre&#x20;lederne&#x20;i&#x20;idretten.&#x20;For&#x20;å&#x20;øke&#x20;ung&#x20;medbestemmelse&#x20;må&#x20;unge&#x20;ha&#x20;lik&#x20;medvirkning&#x20;i&#x20;alle&#x20;saker,&#x20;ikke&#x20;bare&#x20;i&#x20;saker&#x20;som&#x20;erfarne&#x20;ledere&#x20;anser&#x20;mindre&#x20;viktige.&#x20;I&#x20;tillegg&#x20;svarer&#x20;rapporten&#x20;i&#x20;detalj&#x20;på&#x20;følgende&#x20;spørsmål:&#x20;Ung&#x20;medbestemmelse&#x20;i&#x20;norsk&#x20;idrett&#x20;–&#x20;hva&#x20;er&#x20;status&#x20;i&#x20;dag?&#x20;Unge&#x20;representanter&#x20;(26&#x20;år&#x20;eller&#x20;yngre)&#x20;er&#x20;klar&#x20;minoritet&#x20;i&#x20;styrene&#x20;til&#x20;IK&#x20;og&#x20;SF.&#x20;Mens&#x20;13&#x20;prosent&#x20;av&#x20;styremedlemmer&#x20;i&#x20;IK&#x20;er&#x20;unge,&#x20;utgjør&#x20;unge&#x20;bare&#x20;7&#x20;prosent&#x20;blant&#x20;styremedlemmer&#x20;i&#x20;SF.&#x0D;&#x0A;&#x0D;&#x0A;Hvordan&#x20;er&#x20;unges&#x20;vei&#x20;til&#x20;organisatoriske&#x20;verv&#x20;i&#x20;SF&#x20;og&#x20;IK?&#x20;Det&#x20;er&#x20;forskjellige&#x20;veier&#x20;inn&#x20;for&#x20;unge&#x20;i&#x20;et&#x20;verv:&#x20;mens&#x20;flere&#x20;blir&#x20;spurt,&#x20;foreslår&#x20;enkelte&#x20;seg&#x20;selv&#x20;som&#x20;styrekandidat.&#x20;De&#x20;fleste&#x20;unge&#x20;jobber&#x20;seg&#x20;fra&#x20;verv&#x20;til&#x20;verv.&#x20;Ungdomsutvalg&#x20;anses&#x20;som&#x20;springbrett.&#x0D;&#x0A;&#x0D;&#x0A;Hvordan&#x20;bidrar&#x20;unge&#x20;i&#x20;organisasjonen?&#x20;Unge&#x20;viser&#x20;seg&#x20;som&#x20;en&#x20;kjemperessurs&#x20;for&#x20;organisasjoner,&#x20;både&#x20;administrativt,&#x20;men&#x20;og&#x20;i&#x20;politiske&#x20;saker.&#x20;De&#x20;kan&#x20;også&#x20;styrke&#x20;idrettsorganisasjonen&#x20;med&#x20;sin&#x20;kunnskap,&#x20;nettverk&#x20;samt&#x20;å&#x20;se&#x20;på&#x20;ting&#x20;fra&#x20;en&#x20;annen&#x20;synsvinkel.&#x0D;&#x0A;&#x0D;&#x0A;Hva&#x20;er&#x20;utfordringene&#x20;med&#x20;ung&#x20;medbestemmelse?&#x20;Utfordringene&#x20;er&#x20;mange:&#x20;generasjonskonflikt&#x20;er&#x20;i&#x20;noen&#x20;tilfeller&#x20;katalysator&#x20;for&#x20;forskjellsbehandling.&#x20;Unge&#x20;har&#x20;i&#x20;stor&#x20;grad&#x20;symbolsk&#x20;medvirkning&#x20;kontra&#x20;reell&#x20;medbestemmelse.&#x20;Usikkerhet&#x20;rundt&#x20;rollen&#x20;og&#x20;oppgaver,&#x20;manglende&#x20;oppfølgning&#x20;og&#x20;livssituasjon&#x20;vanskeliggjør&#x20;ung&#x20;medbestemmelse&#x20;i&#x20;SF&#x20;og&#x20;IK.&#x0D;&#x0A;&#x0D;&#x0A;Hvilke&#x20;behov&#x20;har&#x20;norsk&#x20;idrett&#x20;for&#x20;å&#x20;øke&#x20;ung&#x20;medbestemmelse?&#x20;Behovene&#x20;dreier&#x20;seg&#x20;om&#x20;å&#x20;skape&#x20;trygghet&#x20;blant&#x20;unge,&#x20;øke&#x20;kompetanse&#x20;blant&#x20;unge&#x20;og&#x20;erfarne&#x20;ledere&#x20;og&#x20;løse&#x20;seg&#x20;fra&#x20;tradisjonelle&#x20;informasjons-&#x20;og&#x20;kommunikasjonsmønstre.&#x20;I&#x20;tillegg&#x20;til&#x20;behov&#x20;for&#x20;ressurser,&#x20;er&#x20;det&#x20;viktig&#x20;at&#x20;tillitsvalgte&#x20;i&#x20;idretten&#x20;samhandler&#x20;på&#x20;tvers&#x20;av&#x20;alderen.&#x0D;&#x0A;&#x0D;&#x0A;Hvilke&#x20;tiltak&#x20;må&#x20;til&#x20;for&#x20;å&#x20;øke&#x20;ung&#x20;medbestemmelse?&#x20;Rapporten&#x20;inneholder&#x20;11&#x20;tiltak&#x20;som&#x20;svarer&#x20;på&#x20;behov&#x20;for&#x20;ung&#x20;medbestemmelse&#x20;på&#x20;flere&#x20;nivåer.&#x20;Tiltakene&#x20;er&#x20;rettet&#x20;mot&#x20;at&#x20;unge&#x20;blir&#x20;inkludert&#x20;i&#x20;fora&#x20;der&#x20;beslutninger&#x20;tas,&#x20;at&#x20;de&#x20;føler&#x20;seg&#x20;trygge&#x20;på&#x20;sine&#x20;roller,&#x20;samt&#x20;at&#x20;de&#x20;kan&#x20;få&#x20;utvikle&#x20;sin&#x20;kompetanse.&#x20;I&#x20;tillegg&#x20;rettes&#x20;tiltak&#x20;som&#x20;svarer&#x20;på&#x20;behov&#x20;for&#x20;ressurser&#x20;som&#x20;er&#x20;nødvendig&#x20;for&#x20;å&#x20;sikre&#x20;ung&#x20;medbestemmelse&#x20;på&#x20;sikt.</dcvalue>
  <dcvalue element="description" qualifier="provenance" language="en">Made&#x20;available&#x20;in&#x20;DSpace&#x20;on&#x20;2020-06-15T06:23:41Z&#x20;(GMT).&#x20;No.&#x20;of&#x20;bitstreams:&#x20;1&#x0D;&#x0A;Ung&#x20;medbestemmelse&#x20;i&#x20;norsk&#x20;idrett&#x20;av&#x20;Anna-Maria&#x20;Strittmatter.pdf:&#x20;779022&#x20;bytes,&#x20;checksum:&#x20;38fc2e410a04869a93e839d3a70b161e&#x20;(MD5)&#x0D;&#x0A;&#x20;&#x20;Previous&#x20;issue&#x20;date:&#x20;2020</dcvalue>
  <dcvalue element="language" qualifier="iso" language="en_US">nob</dcvalue>
  <dcvalue element="publisher" qualifier="none" language="en_US">Norges&#x20;idrettshøgskole</dcvalue>
  <dcvalue element="title" qualifier="none" language="en_US">Ung&#x20;medbestemmelse&#x20;i&#x20;norsk&#x20;idrett:&#x20;Evaluerings-&#x20;og&#x20;utredningsarbeid&#x20;om&#x20;barrierene&#x20;og&#x20;behovene&#x20;for&#x20;å&#x20;øke&#x20;ung&#x20;medbestemmelse&#x20;i&#x20;særforbund&#x20;og&#x20;idrettskretser</dcvalue>
  <dcvalue element="type" qualifier="none" language="en_US">Report</dcvalue>
  <dcvalue element="description" qualifier="localcode" language="en_US">Forskningssenter&#x20;for&#x20;barne-&#x20;og&#x20;ungdomsidrett</dcvalue>
</dublin_core>
