<?xml version="1.0" encoding="utf-8" standalone="no"?>
<dublin_core schema="dc">
  <dcvalue element="contributor" qualifier="author">Gurholt,&#x20;Kirsti&#x20;Pedersen</dcvalue>
  <dcvalue element="contributor" qualifier="author">Torp,&#x20;Ida&#x20;Helene&#x20;Dahl</dcvalue>
  <dcvalue element="contributor" qualifier="author">Eriksen,&#x20;Jørgen&#x20;Weidemann</dcvalue>
  <dcvalue element="date" qualifier="accessioned">2020-10-22T06:06:39Z</dcvalue>
  <dcvalue element="date" qualifier="available">2020-10-22T06:06:39Z</dcvalue>
  <dcvalue element="date" qualifier="issued">2020</dcvalue>
  <dcvalue element="identifier" qualifier="isbn">978-82-502-0583-3</dcvalue>
  <dcvalue element="identifier" qualifier="uri">https:&#x2F;&#x2F;hdl.handle.net&#x2F;11250&#x2F;2684299</dcvalue>
  <dcvalue element="description" qualifier="abstract" language="en_US">Rapporten&#x20;Studie&#x20;av&#x20;friluftsliv&#x20;blant&#x20;barn&#x20;og&#x20;unge&#x20;i&#x20;Oslo&#x20;er&#x20;resultatet&#x20;av&#x20;et&#x20;forskningsprosjekt&#x20;som&#x20;Norges&#x20;idrettshøgskole&#x20;(NIH)&#x20;har&#x20;utført&#x20;på&#x20;oppdrag&#x20;for&#x20;Oslo&#x20;kommune&#x20;ved&#x20;Bymiljøetaten.&#x20;Studien&#x20;er&#x20;en&#x20;bestilling&#x20;fra&#x20;Byrådsavdelingen&#x20;for&#x20;miljø&#x20;og&#x20;samferdsel&#x20;og&#x20;en&#x20;oppfølging&#x20;av&#x20;tiltak&#x20;i&#x20;Oslo&#x20;kommunes&#x20;Behovsplan&#x20;for&#x20;idrett&#x20;og&#x20;friluftsliv&#x20;2019–2028.&#x20;Prosjektet&#x20;har&#x20;hatt&#x20;en&#x20;finansiell&#x20;ramme&#x20;som&#x20;tilsvarer&#x20;om&#x20;lag&#x20;¾&#x20;forskerårsverk,&#x20;innenfor&#x20;ett&#x20;års&#x20;varighet,&#x20;med&#x20;start&#x20;i&#x20;midten&#x20;av&#x20;september&#x20;2019.&#x0D;&#x0A;&#x0D;&#x0A;Studiens&#x20;overordnede&#x20;mål&#x20;er&#x20;å&#x20;styrke&#x20;Oslo&#x20;kommunes&#x20;kunnskapsgrunnlag&#x20;om&#x20;deltakelse&#x20;i&#x20;friluftsliv&#x20;blant&#x20;barn&#x20;og&#x20;unge&#x20;mellom&#x20;6&#x20;og&#x20;19&#x20;år&#x20;ved&#x20;å:&#x0D;&#x0A;➢&#x20;Kartlegge&#x20;og&#x20;analysere&#x20;friluftslivsdeltakelsen&#x20;blant&#x20;barn&#x20;og&#x20;unge&#x20;i&#x20;Oslo.&#x0D;&#x0A;➢&#x20;Etablere&#x20;et&#x20;kunnskapsgrunnlag&#x20;basert&#x20;på&#x20;tidligere&#x20;forskning.&#x0D;&#x0A;➢&#x20;Utvikle&#x20;kunnskap&#x20;om&#x20;hvordan&#x20;Oslo&#x20;kommune&#x20;kan&#x20;målrette&#x20;og&#x20;systematisere&#x20;sine&#x20;virkemidler&#x20;for&#x20;at&#x20;flere&#x20;barn&#x20;og&#x20;unge&#x20;«skal&#x20;få&#x20;oppleve&#x20;friluftslivets&#x20;gleder,&#x20;mestring&#x20;og&#x20;trygghet&#x20;i&#x20;natur»&#x20;på&#x20;måter&#x20;som&#x20;«kan&#x20;føre&#x20;til&#x20;utjevning&#x20;av&#x20;sosiale&#x20;helseforskjeller».&#x0D;&#x0A;&#x0D;&#x0A;Oppdraget&#x20;er&#x20;også&#x20;formulert&#x20;gjennom&#x20;fem&#x20;spørsmål:&#x0D;&#x0A;1.&#x20;Hva&#x20;slags&#x20;kunnskap&#x20;finnes&#x20;om&#x20;barn,&#x20;unge&#x20;og&#x20;friluftsliv&#x20;i&#x20;Oslo&#x20;–&#x20;trender&#x20;og&#x20;utfordringer?&#x0D;&#x0A;2.&#x20;Hvilke&#x20;aktivitetsformer&#x20;bør&#x20;inkluderes&#x20;i&#x20;friluftslivsbegrepet?&#x0D;&#x0A;3.&#x20;Hvilke&#x20;grupper&#x20;av&#x20;barn&#x20;og&#x20;unge&#x20;deltar&#x20;i&#x20;friluftsliv,&#x20;hvordan,&#x20;hvor&#x20;ofte&#x20;og&#x20;hvilke&#x20;barrierer&#x20;hindrer&#x20;deltakelse?&#x0D;&#x0A;4.&#x20;Hvilke&#x20;arenaer&#x20;er&#x20;viktige&#x20;for&#x20;rekruttering&#x20;av&#x20;barn&#x20;og&#x20;unge&#x20;til&#x20;friluftsliv?&#x0D;&#x0A;5.&#x20;Hvordan&#x20;bør&#x20;virkemiddelapparatet&#x20;i&#x20;Oslo&#x20;kommune&#x20;innrettes&#x20;for&#x20;at&#x20;alle&#x20;skal&#x20;få&#x20;oppleve&#x20;friluftslivets&#x20;gleder,&#x20;mestring&#x20;og&#x20;trygghet&#x20;i&#x20;natur?</dcvalue>
  <dcvalue element="description" qualifier="provenance" language="en">Made&#x20;available&#x20;in&#x20;DSpace&#x20;on&#x20;2020-10-22T06:06:39Z&#x20;(GMT).&#x20;No.&#x20;of&#x20;bitstreams:&#x20;1&#x0D;&#x0A;Studie&#x20;av&#x20;friluftsliv&#x20;blant&#x20;barn&#x20;og&#x20;unge&#x20;i&#x20;Oslo.pdf:&#x20;20757217&#x20;bytes,&#x20;checksum:&#x20;15108993881073bd6af500a264dccf32&#x20;(MD5)&#x0D;&#x0A;&#x20;&#x20;Previous&#x20;issue&#x20;date:&#x20;2020</dcvalue>
  <dcvalue element="language" qualifier="iso" language="en_US">nob</dcvalue>
  <dcvalue element="publisher" qualifier="none" language="en_US">Norges&#x20;idrettshøgskole</dcvalue>
  <dcvalue element="title" qualifier="none" language="en_US">Studie&#x20;av&#x20;friluftsliv&#x20;blant&#x20;barn&#x20;og&#x20;unge&#x20;i&#x20;Oslo:&#x20;Sosial&#x20;ulikhet&#x20;og&#x20;sosial&#x20;utjevning</dcvalue>
  <dcvalue element="type" qualifier="none" language="en_US">Research&#x20;report</dcvalue>
  <dcvalue element="description" qualifier="version" language="en_US">publishedVersion</dcvalue>
  <dcvalue element="description" qualifier="localcode" language="en_US">Institutt&#x20;for&#x20;lærerutdanning&#x20;og&#x20;friluftslivsstudier&#x20;&#x2F;&#x20;Department&#x20;of&#x20;Teacher&#x20;Education&#x20;and&#x20;Outdoor&#x20;Studies</dcvalue>
</dublin_core>
