<?xml version="1.0" encoding="utf-8" standalone="no"?>
<dublin_core schema="dc">
  <dcvalue element="contributor" qualifier="author" language="">Skirstad,&#x20;Berit</dcvalue>
  <dcvalue element="contributor" qualifier="author" language="">Strittmatter,&#x20;Anna-Maria</dcvalue>
  <dcvalue element="contributor" qualifier="author" language="">Grønkjær,&#x20;Allan&#x20;B.</dcvalue>
  <dcvalue element="date" qualifier="accessioned" language="">2020-04-21T06:14:06Z</dcvalue>
  <dcvalue element="date" qualifier="available" language="">2020-04-21T06:14:06Z</dcvalue>
  <dcvalue element="date" qualifier="issued" language="">2019</dcvalue>
  <dcvalue element="identifier" qualifier="uri" language="">https:&#x2F;&#x2F;hdl.handle.net&#x2F;11250&#x2F;2651756</dcvalue>
  <dcvalue element="description" qualifier="abstract" language="en_US">Being&#x20;the&#x20;leading&#x20;institution&#x20;of&#x20;higher&#x20;education&#x20;for&#x20;providing&#x20;sport&#x20;management&#x20;education&#x20;in&#x20;Norway,&#x20;the&#x20;Norwegian&#x20;School&#x20;of&#x20;Sport&#x20;Sciences&#x20;strives&#x20;to&#x20;make&#x20;our&#x20;study&#x20;programs&#x20;as&#x20;relevant&#x20;and&#x20;applicable&#x20;as&#x20;possible&#x20;for&#x20;our&#x20;students.&#x20;We&#x20;have&#x20;been&#x20;successful&#x20;when&#x20;our&#x20;students&#x20;find&#x20;relevant&#x20;and&#x20;inspiring&#x20;jobs.&#x20;In&#x20;order&#x20;to&#x20;further&#x20;develop&#x20;curricula,&#x20;we&#x20;took&#x20;part&#x20;in&#x20;the&#x20;EU&#x20;funded&#x20;Erasmus+&#x20;project&#x20;New&#x20;Age&#x20;in&#x20;Sport&#x20;Management&#x20;Education&#x20;(NASME)&#x20;together&#x20;with&#x20;eight&#x20;other&#x20;European&#x20;countries.&#x20;This&#x20;report&#x20;is&#x20;about&#x20;Norway.&#x0D;&#x0A;&#x0D;&#x0A;Recommendation&#x20;for&#x20;sport&#x20;management&#x20;curriculum&#x20;at&#x20;higher&#x20;education&#x20;instititions:&#x20;A&#x20;predecessing&#x20;study&#x20;among&#x20;European&#x20;countries&#x20;from&#x20;2006&#x20;stated&#x20;that&#x20;“(a)ll&#x20;120&#x20;ECTS&#x20;credits&#x20;must&#x20;be&#x20;sport&#x20;management&#x20;studies&#x20;or&#x20;closely&#x20;sport&#x20;management&#x20;studies&#x20;or&#x20;subjects&#x20;in&#x20;the&#x20;Curriculum&#x20;for&#x20;Master&#x20;in&#x20;sport&#x20;management”&#x20;in&#x20;order&#x20;to&#x20;have&#x20;highest&#x20;relevance&#x20;to&#x20;students&#x20;and&#x20;the&#x20;labour&#x20;market&#x20;(AEHSIS,&#x20;2006,&#x20;p.&#x20;194).&#x20;For&#x20;the&#x20;Norwegian&#x20;School&#x20;of&#x20;Sport&#x20;Sciences&#x20;this&#x20;means&#x20;that&#x20;the&#x20;course&#x20;selection&#x20;at&#x20;the&#x20;Master’s&#x20;level&#x20;has&#x20;to&#x20;be&#x20;increased&#x20;and&#x20;include&#x20;more&#x20;sport&#x20;management&#x20;topics.&#x20;At&#x20;the&#x20;Bachelor’s&#x20;level,&#x20;we&#x20;recommend&#x20;a&#x20;wide&#x20;spectre&#x20;of&#x20;sport&#x20;management&#x20;topics;&#x20;however,&#x20;courses&#x20;such&#x20;as&#x20;sport&#x20;marketing&#x20;and&#x20;digital&#x20;communication&#x20;will&#x20;have&#x20;increased&#x20;attention&#x20;in&#x20;the&#x20;curriculum.&#x20;Internship&#x20;is&#x20;considered&#x20;increasingly&#x20;important&#x20;by&#x20;the&#x20;industry,&#x20;and&#x20;in&#x20;the&#x20;future&#x20;a&#x20;more&#x20;applied&#x20;Master’s&#x20;program&#x20;in&#x20;sport&#x20;management&#x20;is&#x20;considered&#x20;as&#x20;well&#x20;as&#x20;a&#x20;scholarly&#x20;track.&#x20;An&#x20;international&#x20;approach&#x20;that&#x20;includes&#x20;foreign&#x20;students&#x20;and&#x20;professors&#x20;is&#x20;recommended.&#x20;We&#x20;hope&#x20;you&#x20;will&#x20;find&#x20;this&#x20;an&#x20;interesting&#x20;read.</dcvalue>
  <dcvalue element="description" qualifier="provenance" language="en">Made&#x20;available&#x20;in&#x20;DSpace&#x20;on&#x20;2020-04-21T06:14:06Z&#x20;(GMT).&#x20;No.&#x20;of&#x20;bitstreams:&#x20;1&#x0D;&#x0A;Sport&#x20;Management&#x20;in&#x20;Norway&#x20;-&#x20;Present&#x20;and&#x20;Future&#x20;Trends&#x20;by&#x20;Skirstad&#x20;et&#x20;al&#x20;2019.pdf:&#x20;1902197&#x20;bytes,&#x20;checksum:&#x20;b877801ff7c31be1cf5c7e483c904b59&#x20;(MD5)&#x0D;&#x0A;&#x20;&#x20;Previous&#x20;issue&#x20;date:&#x20;2019</dcvalue>
  <dcvalue element="language" qualifier="iso" language="en_US">eng</dcvalue>
  <dcvalue element="publisher" qualifier="none" language="en_US">Norges&#x20;idrettshøgskole</dcvalue>
  <dcvalue element="title" qualifier="none" language="en_US">Sport&#x20;management&#x20;in&#x20;Norway:&#x20;Present&#x20;and&#x20;future&#x20;trends:&#x20;New&#x20;age&#x20;of&#x20;Sport&#x20;Management&#x20;Education&#x20;in&#x20;Europe&#x20;(NASME)&#x20;-&#x20;a&#x20;research&#x20;project&#x20;under&#x20;the&#x20;Erasmus+&#x20;Programme</dcvalue>
  <dcvalue element="type" qualifier="none" language="en_US">Report</dcvalue>
  <dcvalue element="description" qualifier="localcode" language="en_US">Seksjon&#x20;for&#x20;kultur&#x20;og&#x20;samfunn&#x20;&#x2F;&#x20;Department&#x20;of&#x20;Cultural&#x20;and&#x20;Social&#x20;Studies</dcvalue>
</dublin_core>
