<?xml version="1.0" encoding="utf-8" standalone="no"?>
<dublin_core schema="dc">
  <dcvalue element="contributor" qualifier="author">Prestsveen,&#x20;Aina</dcvalue>
  <dcvalue element="date" qualifier="accessioned">2022-04-26T17:18:56Z</dcvalue>
  <dcvalue element="date" qualifier="available">2022-04-26T17:18:56Z</dcvalue>
  <dcvalue element="date" qualifier="issued">2021</dcvalue>
  <dcvalue element="identifier" qualifier="uri">https:&#x2F;&#x2F;hdl.handle.net&#x2F;11250&#x2F;2992908</dcvalue>
  <dcvalue element="description" qualifier="none" language="en_US">Bachelor&#x20;i&#x20;straffegjennomføring</dcvalue>
  <dcvalue element="description" qualifier="provenance" language="en">Made&#x20;available&#x20;in&#x20;DSpace&#x20;on&#x20;2022-04-26T17:18:56Z&#x20;(GMT).&#x20;No.&#x20;of&#x20;bitstreams:&#x20;2&#x0A;390003.pdf:&#x20;477580&#x20;bytes,&#x20;checksum:&#x20;a5e20d8663b11cbd9e5c94b68fff16ee&#x20;(MD5)&#x0A;license_rdf:&#x20;0&#x20;bytes,&#x20;checksum:&#x20;d41d8cd98f00b204e9800998ecf8427e&#x20;(MD5)&#x0A;&#x20;&#x20;Previous&#x20;issue&#x20;date:&#x20;2021</dcvalue>
  <dcvalue element="language" qualifier="iso" language="en_US">nob</dcvalue>
  <dcvalue element="rights" qualifier="none" language="*">An&#x20;error&#x20;occurred&#x20;on&#x20;the&#x20;license&#x20;name.</dcvalue>
  <dcvalue element="rights" qualifier="uri" language="*">An&#x20;error&#x20;occurred&#x20;getting&#x20;the&#x20;license&#x20;-&#x20;uri.</dcvalue>
  <dcvalue element="subject" qualifier="none" language="en_US">Kriminalomsorg</dcvalue>
  <dcvalue element="subject" qualifier="none" language="en_US">Kunnskapsbasert&#x20;praksis</dcvalue>
  <dcvalue element="title" qualifier="none" language="en_US">Kunnskapsbasert&#x20;praksis&#x20;i&#x20;kriminalomsorgen</dcvalue>
  <dcvalue element="type" qualifier="none" language="en_US">Bachelor&#x20;thesis</dcvalue>
  <dcvalue element="source" qualifier="pagenumber" language="en_US">38</dcvalue>
</dublin_core>
